<?xml version="1.0" encoding="UTF-8"?>
<project-private xmlns="http://www.netbeans.org/ns/project-private/1">
    <editor-bookmarks xmlns="http://www.netbeans.org/ns/editor-bookmarks/2" lastBookmarkId="0"/>
    <open-files xmlns="http://www.netbeans.org/ns/projectui-open-files/2">
        <group>
            <file>file:/C:/xampp/htdocs/onlinefood-order/config/constants.php</file>
            <file>file:/C:/xampp/htdocs/onlinefood-order/login.php</file>
            <file>file:/C:/xampp/htdocs/onlinefood-order/foods.php</file>
            <file>file:/C:/xampp/htdocs/onlinefood-order/food-search.php</file>
            <file>file:/C:/xampp/htdocs/onlinefood-order/register.php</file>
            <file>file:/C:/xampp/htdocs/onlinefood-order/categories.php</file>
            <file>file:/C:/xampp/htdocs/onlinefood-order/DATABASE%20FILE/onlinefoodorder.sql</file>
            <file>file:/C:/xampp/htdocs/onlinefood-order/category-foods.php</file>
            <file>file:/C:/xampp/htdocs/onlinefood-order/partials-front/menu.php</file>
            <file>file:/C:/xampp/htdocs/onlinefood-order/partials-front/footer.php</file>
            <file>file:/C:/xampp/htdocs/onlinefood-order/update_profile.php</file>
            <file>file:/C:/xampp/htdocs/onlinefood-order/home.php</file>
            <file>file:/C:/xampp/htdocs/onlinefood-order/index.php</file>
            <file>file:/C:/xampp/htdocs/onlinefood-order/config.php</file>
            <file>file:/C:/xampp/htdocs/onlinefood-order/order.php</file>
        </group>
    </open-files>
</project-private>
